run_id,timestamp_utc,model_version,data_file_sha256,zipcode,property_key,address,link,pred_log_price,pred_price,actual_sale_price,sale_date,days_on_market,above_winsor_threshold,error_dollar,error_pct
ab0d35ca-82e0-4247-b383-8972de118155,2026-04-01T22:15:42.315322+00:00,0.1.0,8b494c6ea5bd14efd6162e02d3e28fa215243c5c9dcce199eefcaa36e9cf567f,97062,9600c5c3422bf3c38aa36945788a17f60c7387c958b60bec3ed5f4b96dc45d43,4535 SW Saum Way,https://www.redfin.com/OR/Tualatin/4535-SW-Saum-Way-97062/home/25979387,13.608558051429501,813058.2640249964,760000.0,,,False,53058.26402499643,6.981350529604794
ab0d35ca-82e0-4247-b383-8972de118155,2026-04-01T22:15:42.315322+00:00,0.1.0,8b494c6ea5bd14efd6162e02d3e28fa215243c5c9dcce199eefcaa36e9cf567f,97062,14063fecab1fed65a4831b1ccb3629a4d8366376e24acf2adfe9f580e1d713c6,8824 SW Talawa Dr,https://www.redfin.com/OR/Tualatin/8824-SW-Talawa-Dr-97062/home/26705762,13.35028597876251,627994.0549481858,645000.0,,,False,-17005.945051814197,-2.6365806281882476
ab0d35ca-82e0-4247-b383-8972de118155,2026-04-01T22:15:42.315322+00:00,0.1.0,8b494c6ea5bd14efd6162e02d3e28fa215243c5c9dcce199eefcaa36e9cf567f,97062,5c77b1b159f030296bf061e54caeea794e92d84c63c210848eef46254ab38b81,5105 SW Greenwood Cir,https://www.redfin.com/OR/Tualatin/5105-SW-Greenwood-Cir-97062/home/26022197,13.65759335463204,853920.480811975,745000.0,,,False,108920.48081197497,14.620198766708048
ab0d35ca-82e0-4247-b383-8972de118155,2026-04-01T22:15:42.315322+00:00,0.1.0,8b494c6ea5bd14efd6162e02d3e28fa215243c5c9dcce199eefcaa36e9cf567f,97062,ce4e64d20a44b3a67585be6fd983e9b85c5f4b3abbb0c8303907eea8c2fc6772,22305 SW Taylors Dr,https://www.redfin.com/OR/Tualatin/22305-SW-Taylors-Dr-97062/home/25787556,13.477197337245062,712971.9353384192,666888.0,,,False,46083.93533841916,6.910296082463496
ab0d35ca-82e0-4247-b383-8972de118155,2026-04-01T22:15:42.315322+00:00,0.1.0,8b494c6ea5bd14efd6162e02d3e28fa215243c5c9dcce199eefcaa36e9cf567f,97062,86a5b0233985aec7359a5b1a89af99e21ea9083b6ddfc9fffd58016da5227b4e,7007 SW Robbins Rd,https://www.redfin.com/OR/Tualatin/7007-SW-Robbins-Rd-97062/home/26558224,13.237694483667282,561122.4791982003,850000.0,,,False,-288877.5208017997,-33.98559068256467
ab0d35ca-82e0-4247-b383-8972de118155,2026-04-01T22:15:42.315322+00:00,0.1.0,8b494c6ea5bd14efd6162e02d3e28fa215243c5c9dcce199eefcaa36e9cf567f,97062,0042d6390b3543d2fb5dabadfd3419f1e225929dcba4f197e72817bf579663ac,22085 SW Cole Ct,https://www.redfin.com/OR/Tualatin/22085-SW-Cole-Ct-97062/home/26659845,13.53642370117548,756474.1954420835,775000.0,,,False,-18525.804557916475,-2.3904263945698676
ab0d35ca-82e0-4247-b383-8972de118155,2026-04-01T22:15:42.315322+00:00,0.1.0,8b494c6ea5bd14efd6162e02d3e28fa215243c5c9dcce199eefcaa36e9cf567f,97062,b39a9098c0bae887da1ed13f244fbeb22bc5ae3a448b8de3ecf6c117ba6693d0,7171 SW Sagert St #105,https://www.redfin.com/OR/Tualatin/7171-SW-Sagert-St-97062/unit-105/home/26711326,12.636300621737611,307521.6043278898,326000.0,,,False,-18478.3956721102,-5.668219531322148
ab0d35ca-82e0-4247-b383-8972de118155,2026-04-01T22:15:42.315322+00:00,0.1.0,8b494c6ea5bd14efd6162e02d3e28fa215243c5c9dcce199eefcaa36e9cf567f,97062,7624256c2a02dcabba13263eca2089188617a915f89a5a1dbffd83625d152c39,8720 SW Tualatin Rd #205,https://www.redfin.com/OR/Tualatin/8720-SW-Tualatin-Rd-97062/unit-205/home/26711160,12.587010961006513,292731.46352412744,270000.0,,,False,22731.463524127437,8.419060564491643
ab0d35ca-82e0-4247-b383-8972de118155,2026-04-01T22:15:42.315322+00:00,0.1.0,8b494c6ea5bd14efd6162e02d3e28fa215243c5c9dcce199eefcaa36e9cf567f,97062,f99313448819482405f3c19c692781819e4577ba73014241e1ae98caec9974ba,8316 SW Mohawk St,https://www.redfin.com/OR/Tualatin/8316-SW-Mohawk-St-97062/home/26729457,12.62852300610213,305139.09661451384,250000.0,,,False,55139.09661451384,22.055638645805534
ab0d35ca-82e0-4247-b383-8972de118155,2026-04-01T22:15:42.315322+00:00,0.1.0,8b494c6ea5bd14efd6162e02d3e28fa215243c5c9dcce199eefcaa36e9cf567f,97062,e11d2e34fd85064cefea5953f8b52e238e31e33207fcbc8510b0f8b4563280c2,22830 SW Mandan Dr,https://www.redfin.com/OR/Tualatin/22830-SW-Mandan-Dr-97062/home/26681895,13.344419303987811,624320.6040741738,544000.0,,,False,80320.60407417384,14.764816925399604
ab0d35ca-82e0-4247-b383-8972de118155,2026-04-01T22:15:42.315322+00:00,0.1.0,8b494c6ea5bd14efd6162e02d3e28fa215243c5c9dcce199eefcaa36e9cf567f,97062,f0dfc52bc3cce86b329128b8c78e603035523fa850109e3456d47b08d5dce993,22795 SW 94th Ter,https://www.redfin.com/OR/Tualatin/22795-SW-94th-Ter-97062/home/26697824,13.295245562044403,594363.0233233192,565000.0,,,False,29363.023323319154,5.196995278463567
ab0d35ca-82e0-4247-b383-8972de118155,2026-04-01T22:15:42.315322+00:00,0.1.0,8b494c6ea5bd14efd6162e02d3e28fa215243c5c9dcce199eefcaa36e9cf567f,97062,c11b0eeb622c8fdd41fa1772e0cbd29d750d31a21cb3f11323ccc4b2cb9818b9,8720 SW Tualatin Rd #323,https://www.redfin.com/OR/Tualatin/8720-SW-Tualatin-Rd-97062/unit-323/home/26563812,12.606207970416554,298405.3184618712,275000.0,,,False,23405.318461871182,8.511024895225884
ab0d35ca-82e0-4247-b383-8972de118155,2026-04-01T22:15:42.315322+00:00,0.1.0,8b494c6ea5bd14efd6162e02d3e28fa215243c5c9dcce199eefcaa36e9cf567f,97062,0a7dec08ffe8489b42468ec35c87a15d826d162cf4e5f69dd015f44bd23dea63,8720 SW Tualatin Rd #122,https://www.redfin.com/OR/Tualatin/8720-SW-Tualatin-Rd-97062/unit-122/home/25837554,12.587010961006513,292731.46352412744,270000.0,,,False,22731.463524127437,8.419060564491643
ab0d35ca-82e0-4247-b383-8972de118155,2026-04-01T22:15:42.315322+00:00,0.1.0,8b494c6ea5bd14efd6162e02d3e28fa215243c5c9dcce199eefcaa36e9cf567f,97062,279f1bd5413e7886036aae5fc2566367c80e48dd6cce79b35e11e4b795859849,9730 SW Alabama St,https://www.redfin.com/OR/Tualatin/9730-SW-Alabama-St-97062/home/25786178,13.774443288768943,959764.5651862059,950000.0,,,False,9764.565186205902,1.0278489669690423
ab0d35ca-82e0-4247-b383-8972de118155,2026-04-01T22:15:42.315322+00:00,0.1.0,8b494c6ea5bd14efd6162e02d3e28fa215243c5c9dcce199eefcaa36e9cf567f,97062,4c2cb2a4cc754eda99f7f5fa0bb5f715b6b07713bee13e6560b4ad6169930232,22442 SW Pinto Dr,https://www.redfin.com/OR/Tualatin/22442-SW-Pinto-Dr-97062/home/26672492,13.374922439044617,643657.7624380253,599950.0,,,False,43707.762438025326,7.285234175852208
ab0d35ca-82e0-4247-b383-8972de118155,2026-04-01T22:15:42.315322+00:00,0.1.0,8b494c6ea5bd14efd6162e02d3e28fa215243c5c9dcce199eefcaa36e9cf567f,97062,70bd8466ba102662495b0a1ae67c988b898a8c932354ee4eb2bbbcb3bc5c54b6,11063 SW Brown St,https://www.redfin.com/OR/Tualatin/11063-SW-Brown-St-97062/home/26715840,13.409172763699555,666085.1296821755,679000.0,,,False,-12914.870317824534,-1.9020427566751892
ab0d35ca-82e0-4247-b383-8972de118155,2026-04-01T22:15:42.315322+00:00,0.1.0,8b494c6ea5bd14efd6162e02d3e28fa215243c5c9dcce199eefcaa36e9cf567f,97062,2e822c2984132692fa315aa79bdad3c9643c8f5b2f470ab9c51339b08037858f,8232 SW Tygh Loop,https://www.redfin.com/OR/Tualatin/8232-SW-Tygh-Loop-97062/home/26679658,13.173360623362138,526159.997572774,540000.0,,,False,-13840.002427226049,-2.5629634124492684
ab0d35ca-82e0-4247-b383-8972de118155,2026-04-01T22:15:42.315322+00:00,0.1.0,8b494c6ea5bd14efd6162e02d3e28fa215243c5c9dcce199eefcaa36e9cf567f,97062,29630af9a39772af82ca654d683b031f2c6d3d22f26ec4c75cb640d5d9e1559e,8793 SW Iroquois Dr,https://www.redfin.com/OR/Tualatin/8793-SW-Iroquois-Dr-97062/home/26663198,13.428750039784257,679253.7443729992,699900.0,,,False,-20646.25562700082,-2.9498865019289644
ab0d35ca-82e0-4247-b383-8972de118155,2026-04-01T22:15:42.315322+00:00,0.1.0,8b494c6ea5bd14efd6162e02d3e28fa215243c5c9dcce199eefcaa36e9cf567f,97062,588b96df42bf91e30d6c9048f702f6d3c0efa912b19fce3f05d34feb9bed573b,20388 SW Boones Ferry Rd,https://www.redfin.com/OR/Tualatin/20388-SW-Boones-Ferry-Rd-97062/home/25751064,13.247677804606623,566752.4008923185,485000.0,,,False,81752.40089231846,16.856165132436796
ab0d35ca-82e0-4247-b383-8972de118155,2026-04-01T22:15:42.315322+00:00,0.1.0,8b494c6ea5bd14efd6162e02d3e28fa215243c5c9dcce199eefcaa36e9cf567f,97062,4837a92bede77acc45b6c29e161bbbee0fda25ad96ed9ec3e044b657a1022c17,8980 SW Stono Dr,https://www.redfin.com/OR/Tualatin/8980-SW-Stono-Dr-97062/home/26614871,13.1760898718756,527597.9803776058,480000.0,,,False,47597.98037760577,9.916245912001202
ab0d35ca-82e0-4247-b383-8972de118155,2026-04-01T22:15:42.315322+00:00,0.1.0,8b494c6ea5bd14efd6162e02d3e28fa215243c5c9dcce199eefcaa36e9cf567f,97062,e45e916abbeca3cf83c2538cf92aa9cb1fe7b5fd72e9fa872ff79655fa64ccab,18253 SW 133rd Ter,https://www.redfin.com/OR/Tualatin/18253-SW-133rd-Ter-97062/home/26698106,13.283442658693978,587389.0515224917,560000.0,,,False,27389.051522491733,4.890902057587809
ab0d35ca-82e0-4247-b383-8972de118155,2026-04-01T22:15:42.315322+00:00,0.1.0,8b494c6ea5bd14efd6162e02d3e28fa215243c5c9dcce199eefcaa36e9cf567f,97062,cd5c7379e02ab5b89f20c8813a9e20bce394e7a36e5d1ef109e72b66c99d4335,18638 SW 92nd Ter,https://www.redfin.com/OR/Tualatin/18638-SW-92nd-Ter-97062/home/26695604,13.187912815692528,533872.761759786,430000.0,,,False,103872.76175978605,24.156456223206057
ab0d35ca-82e0-4247-b383-8972de118155,2026-04-01T22:15:42.315322+00:00,0.1.0,8b494c6ea5bd14efd6162e02d3e28fa215243c5c9dcce199eefcaa36e9cf567f,97062,0c2307e7f28a8595b8cb6b19143645cf41f9e8ef09e40e6534cacacd5aeabcc0,22185 SW Martinazzi Ave,https://www.redfin.com/OR/Tualatin/22185-SW-Martinazzi-Ave-97062/home/26712543,13.428821780403762,679302.476205427,629000.0,,,False,50302.47620542697,7.997214023120344
ab0d35ca-82e0-4247-b383-8972de118155,2026-04-01T22:15:42.315322+00:00,0.1.0,8b494c6ea5bd14efd6162e02d3e28fa215243c5c9dcce199eefcaa36e9cf567f,97062,4ddad42a5e75bdc55ca6443e3d7715e4965d944351d7e560315b41e5203c536a,21519 SW Umpqua Ct,https://www.redfin.com/OR/Tualatin/21519-SW-Umpqua-Ct-97062/home/26571946,13.124852814244248,501246.26903035305,596803.0,,,False,-95556.73096964695,-16.011436096944376
ab0d35ca-82e0-4247-b383-8972de118155,2026-04-01T22:15:42.315322+00:00,0.1.0,8b494c6ea5bd14efd6162e02d3e28fa215243c5c9dcce199eefcaa36e9cf567f,97062,b683ed70367d4fa8aba99e448d6a405462e471c6a9c3d4a37df5acea48a6076f,8720 SW Tualatin Rd #316,https://www.redfin.com/OR/Tualatin/8720-SW-Tualatin-Rd-97062/unit-316/home/26585546,12.591791716949201,294134.29182597686,201100.0,,,False,93034.29182597686,46.26270105717398
ab0d35ca-82e0-4247-b383-8972de118155,2026-04-01T22:15:42.315322+00:00,0.1.0,8b494c6ea5bd14efd6162e02d3e28fa215243c5c9dcce199eefcaa36e9cf567f,97062,82efdc60657501f60f4ea08aef3cddce46a6c91f64e19fde7d5850115af21337,7163 SW Sagert St #105,https://www.redfin.com/OR/Tualatin/7163-SW-Sagert-St-97062/unit-105/home/26731245,12.636300621737611,307521.6043278898,300000.0,,,False,7521.6043278898,2.5072014426299334
ab0d35ca-82e0-4247-b383-8972de118155,2026-04-01T22:15:42.315322+00:00,0.1.0,8b494c6ea5bd14efd6162e02d3e28fa215243c5c9dcce199eefcaa36e9cf567f,97062,d7fc5556ed404bf806297d5b0147e79bb5d961483c1d6231367372d76ec918b3,17850 SW Shasta,https://www.redfin.com/OR/Tualatin/17850-SW-Shasta-Trl-97062/home/26698480,13.12367455079216,500656.01667573507,571000.0,,,False,-70343.98332426493,-12.319436659240795
ab0d35ca-82e0-4247-b383-8972de118155,2026-04-01T22:15:42.315322+00:00,0.1.0,8b494c6ea5bd14efd6162e02d3e28fa215243c5c9dcce199eefcaa36e9cf567f,97062,1d131de1b702f07717474a82716a3cf2bf3be5b0728a169ee26d327a87a57fac,6215 SW Prosperity Park Rd,https://www.redfin.com/OR/Tualatin/6215-SW-Prosperity-Park-Rd-97062/home/25925728,13.74657817136887,933389.7876060762,1075000.0,,,True,-141610.21239392378,-13.173043013388257
ab0d35ca-82e0-4247-b383-8972de118155,2026-04-01T22:15:42.315322+00:00,0.1.0,8b494c6ea5bd14efd6162e02d3e28fa215243c5c9dcce199eefcaa36e9cf567f,97062,931a098009bd9123d09535aab3c2f0d6055acb4bcdf9a05673e54c3c3d6c1869,9335 SW Quinault Ln,https://www.redfin.com/OR/Tualatin/9335-SW-Quinault-Ln-97062/home/26701978,13.304288731876433,599762.3256935548,571000.0,,,False,28762.325693554827,5.037184885035872
ab0d35ca-82e0-4247-b383-8972de118155,2026-04-01T22:15:42.315322+00:00,0.1.0,8b494c6ea5bd14efd6162e02d3e28fa215243c5c9dcce199eefcaa36e9cf567f,97062,7b3c23c8d6800a95ba32132adb04679064ed9f49585ebbdc66aa2b6c68207470,21090 SW 86th Ct,https://www.redfin.com/OR/Tualatin/21090-SW-86th-Ct-97062/home/26581255,13.32016717636867,609361.6277989486,724000.0,,,False,-114638.37220105145,-15.834029309537492
ab0d35ca-82e0-4247-b383-8972de118155,2026-04-01T22:15:42.315322+00:00,0.1.0,8b494c6ea5bd14efd6162e02d3e28fa215243c5c9dcce199eefcaa36e9cf567f,97062,fadd25e02ef10db140359cd434a96b789a2faad62cd67c5beeaf0b4f55c1d1a7,19065 SW Tualasaum Dr,https://www.redfin.com/OR/Tualatin/19065-SW-Tualasaum-Dr-97062/home/25947980,12.980233495537957,433754.28776779136,471000.0,,,False,-37245.712232208636,-7.907794529131346
ab0d35ca-82e0-4247-b383-8972de118155,2026-04-01T22:15:42.315322+00:00,0.1.0,8b494c6ea5bd14efd6162e02d3e28fa215243c5c9dcce199eefcaa36e9cf567f,97062,e45d85adc638c509ba8f4ef1bfce1f50ca4ea5265e4a5e0bb38a47c20b858d45,20275 SW Comanche Ter,https://www.redfin.com/OR/Tualatin/20275-SW-Comanche-Ter-97062/home/25825113,13.37061623966785,640892.0030121909,639000.0,,,False,1892.0030121909222,0.296088108324088
ab0d35ca-82e0-4247-b383-8972de118155,2026-04-01T22:15:42.315322+00:00,0.1.0,8b494c6ea5bd14efd6162e02d3e28fa215243c5c9dcce199eefcaa36e9cf567f,97062,2948362469e9914914615c9e1d1beb8ac8877b69d33d11f7d2a418ff386fd455,21415 SW 78th Ave,https://www.redfin.com/OR/Tualatin/21415-SW-78th-Ave-97062/home/26571738,13.456240681148742,698185.9017358165,884000.0,,,False,-185814.0982641835,-21.019694373776414
ab0d35ca-82e0-4247-b383-8972de118155,2026-04-01T22:15:42.315322+00:00,0.1.0,8b494c6ea5bd14efd6162e02d3e28fa215243c5c9dcce199eefcaa36e9cf567f,97062,a019909dfacc4f4055aabef37801a3969c029a7eac947e0ec3cd100b3e60b286,11065 SW Oneida St,https://www.redfin.com/OR/Tualatin/11065-SW-Oneida-St-97062/home/26669463,13.428772308718399,679268.8707983225,755000.0,,,False,-75731.12920167751,-10.030613139295035
ab0d35ca-82e0-4247-b383-8972de118155,2026-04-01T22:15:42.315322+00:00,0.1.0,8b494c6ea5bd14efd6162e02d3e28fa215243c5c9dcce199eefcaa36e9cf567f,97062,2e0bcbcc656df5bef8e5a914299c9e195ea252f536e8d7b09ab2b33f2f75dd19,7137 SW Sagert St #102,https://www.redfin.com/OR/Tualatin/7137-SW-Sagert-St-97062/unit-102/home/26703521,12.636300621737611,307521.6043278898,315000.0,,,False,-7478.3956721102,-2.3740938641619684
ab0d35ca-82e0-4247-b383-8972de118155,2026-04-01T22:15:42.315322+00:00,0.1.0,8b494c6ea5bd14efd6162e02d3e28fa215243c5c9dcce199eefcaa36e9cf567f,97062,06989083c485aa37289879151ef9d8a5bdad17893d925867c582d13bd8cb647e,21565 SW Alsea Ct,https://www.redfin.com/OR/Tualatin/21565-SW-Alsea-Ct-97062/home/26716447,13.229648504985393,556625.8139875036,565000.0,,,False,-8374.186012496357,-1.4821568163710366
ab0d35ca-82e0-4247-b383-8972de118155,2026-04-01T22:15:42.315322+00:00,0.1.0,8b494c6ea5bd14efd6162e02d3e28fa215243c5c9dcce199eefcaa36e9cf567f,97062,e9a8019bf6d8b89cdbbe365422b225df0dd06edf8de09447396dd0f348658907,8296 SW Mohawk St,https://www.redfin.com/OR/Tualatin/8296-SW-Mohawk-St-97062/home/25817439,12.536535953343469,278322.5448354654,233000.0,,,False,45322.54483546538,19.45173598088643
ab0d35ca-82e0-4247-b383-8972de118155,2026-04-01T22:15:42.315322+00:00,0.1.0,8b494c6ea5bd14efd6162e02d3e28fa215243c5c9dcce199eefcaa36e9cf567f,97062,1b0ca1d2a683c400349ac3369aac893bbd6b01c1b4db5e2745c34357d9eed34c,10303 SW Crow Way,https://www.redfin.com/OR/Tualatin/10303-SW-Crow-Way-97062/home/25765380,13.685854397730434,878397.4069609059,860000.0,,,False,18397.40696090588,2.1392333675471953
ab0d35ca-82e0-4247-b383-8972de118155,2026-04-01T22:15:42.315322+00:00,0.1.0,8b494c6ea5bd14efd6162e02d3e28fa215243c5c9dcce199eefcaa36e9cf567f,97062,0ccf9bf00dc224c54f2e533ffd94c308ae1e025bb2724329fa93b79f39324f32,8815 SW Nisqually Ct,https://www.redfin.com/OR/Tualatin/8815-SW-Nisqually-Ct-97062/home/26571771,13.50633362147213,734050.8781478611,630000.0,,,False,104050.8781478611,16.516012404422398
ab0d35ca-82e0-4247-b383-8972de118155,2026-04-01T22:15:42.315322+00:00,0.1.0,8b494c6ea5bd14efd6162e02d3e28fa215243c5c9dcce199eefcaa36e9cf567f,97062,5e3df98c37960215a303098669d8ffb8a7650c5d2752808704e6d11b9ac626b6,20052 SW 72nd Ave,https://www.redfin.com/OR/Tualatin/20052-SW-72nd-Ave-97062/home/26693583,13.200604956681543,540691.9335252701,496250.0,,,False,44441.933525270084,8.955553355218154
ab0d35ca-82e0-4247-b383-8972de118155,2026-04-01T22:15:42.315322+00:00,0.1.0,8b494c6ea5bd14efd6162e02d3e28fa215243c5c9dcce199eefcaa36e9cf567f,97062,abb1d3149acec48762b7498984046bf7a9d83aa93855ca592599306955f092e7,22500 SW Mandan Dr,https://www.redfin.com/OR/Tualatin/22500-SW-Mandan-Dr-97062/home/26666981,13.339126512910536,621024.9348894346,489500.0,,,False,131524.9348894346,26.869241039721064
ab0d35ca-82e0-4247-b383-8972de118155,2026-04-01T22:15:42.315322+00:00,0.1.0,8b494c6ea5bd14efd6162e02d3e28fa215243c5c9dcce199eefcaa36e9cf567f,97062,70714d64b9989858d5cd985a6fcd2c94b62b6ce9a4b50015c4e2d14411229389,11355 SW Kalispell St,https://www.redfin.com/OR/Tualatin/11355-SW-Kalispell-St-97062/home/26691415,13.253981763732032,570336.4699048457,580000.0,,,False,-9663.530095154303,-1.6661258784748798
ab0d35ca-82e0-4247-b383-8972de118155,2026-04-01T22:15:42.315322+00:00,0.1.0,8b494c6ea5bd14efd6162e02d3e28fa215243c5c9dcce199eefcaa36e9cf567f,97062,1e15083113a0080794d4e53f5f912dbaf2e626863a8369a993b3f0862344b69f,19253 SW Chesapeake Dr,https://www.redfin.com/OR/Tualatin/19253-SW-Chesapeake-Dr-97062/home/25994672,13.452598811059845,695647.8238639936,705000.0,,,False,-9352.176136006368,-1.326549806525726
ab0d35ca-82e0-4247-b383-8972de118155,2026-04-01T22:15:42.315322+00:00,0.1.0,8b494c6ea5bd14efd6162e02d3e28fa215243c5c9dcce199eefcaa36e9cf567f,97062,ab047d32d3383927df9441c871d99d66c8a8fb5ed86f80edba3ac838af564c36,21012 SW Meadow Way,https://www.redfin.com/OR/Tualatin/21012-SW-Meadow-Way-97062/home/25948198,13.75937765117705,945413.475672384,1400000.0,,,True,-454586.524327616,-32.47046602340114
ab0d35ca-82e0-4247-b383-8972de118155,2026-04-01T22:15:42.315322+00:00,0.1.0,8b494c6ea5bd14efd6162e02d3e28fa215243c5c9dcce199eefcaa36e9cf567f,97062,85ae118a38781c143e547c9561cc65940aafae373c0e1783f784a82d90f43c46,8468 SW Mohawk St,https://www.redfin.com/OR/Tualatin/8468-SW-Mohawk-St-97062/home/26612470,12.536535953343469,278322.5448354654,232000.0,,,False,46322.54483546538,19.966614153217837
ab0d35ca-82e0-4247-b383-8972de118155,2026-04-01T22:15:42.315322+00:00,0.1.0,8b494c6ea5bd14efd6162e02d3e28fa215243c5c9dcce199eefcaa36e9cf567f,97062,10f01040147cff687c46173b2221cb3528e27aea633f90b84c72527ce9b89ffd,7175 SW Sagert St #106,https://www.redfin.com/OR/Tualatin/7175-SW-Sagert-St-97062/unit-106/home/26709054,12.636300621737611,307521.6043278898,295000.0,,,False,12521.6043278898,4.244611636572813
ab0d35ca-82e0-4247-b383-8972de118155,2026-04-01T22:15:42.315322+00:00,0.1.0,8b494c6ea5bd14efd6162e02d3e28fa215243c5c9dcce199eefcaa36e9cf567f,97062,3bc80eb308e73bba768dc780888171a40fba7ac590df2f44684ef907230aee18,8755 SW Tachi Ct,https://www.redfin.com/OR/Tualatin/8755-SW-Tachi-Ct-97062/home/26560074,13.30295240650515,598961.3833599633,640000.0,,,False,-41038.61664003669,-6.412283850005733
ab0d35ca-82e0-4247-b383-8972de118155,2026-04-01T22:15:42.315322+00:00,0.1.0,8b494c6ea5bd14efd6162e02d3e28fa215243c5c9dcce199eefcaa36e9cf567f,97062,fa48e4e6eb823716660225347e8f2741e6e0913c2cde2957a7e4f50baec2b7b2,23089 SW 89th Ave,https://www.redfin.com/OR/Tualatin/23089-SW-89th-Ave-97062/home/188818773,13.297228745634571,595542.9239108041,639900.0,,,False,-44357.07608919591,-6.93187624460008
ab0d35ca-82e0-4247-b383-8972de118155,2026-04-01T22:15:42.315322+00:00,0.1.0,8b494c6ea5bd14efd6162e02d3e28fa215243c5c9dcce199eefcaa36e9cf567f,97062,59fcc3b00df86ee07b4f51dc02207563e9e3660b6dfdde7f2bd17d5923f01067,8720 SW Tualatin Rd #120,https://www.redfin.com/OR/Tualatin/8720-SW-Tualatin-Rd-97062/unit-120/home/26710252,12.587010961006513,292731.46352412744,265000.0,,,False,27731.463524127437,10.464703216651863
ab0d35ca-82e0-4247-b383-8972de118155,2026-04-01T22:15:42.315322+00:00,0.1.0,8b494c6ea5bd14efd6162e02d3e28fa215243c5c9dcce199eefcaa36e9cf567f,97062,ace8058c95e02360f8f5ad296efe1e2c6c2e01f7dbe7f846153d63e2977b2126,10950 SW Bannoch St,https://www.redfin.com/OR/Tualatin/10950-SW-Bannoch-St-97062/home/26708707,13.504575026136632,732761.1141164361,675000.0,,,False,57761.1141164361,8.557202091323868
ab0d35ca-82e0-4247-b383-8972de118155,2026-04-01T22:15:42.315322+00:00,0.1.0,8b494c6ea5bd14efd6162e02d3e28fa215243c5c9dcce199eefcaa36e9cf567f,97062,25612e51cd0c3bf28e8aa68bebe8361981153608977447600b72ad17dd96fb21,9600 SW Alabama St,https://www.redfin.com/OR/Tualatin/9600-SW-Alabama-St-97062/home/25809058,13.652384321541824,849483.945831522,1000000.0,,,False,-150516.054168478,-15.0516054168478
ab0d35ca-82e0-4247-b383-8972de118155,2026-04-01T22:15:42.315322+00:00,0.1.0,8b494c6ea5bd14efd6162e02d3e28fa215243c5c9dcce199eefcaa36e9cf567f,97062,86d625095f713f82301cfd3de22696b36e0ebcfc92b5396022efa41ea2aad891,22345 SW Mandan Dr,https://www.redfin.com/OR/Tualatin/22345-SW-Mandan-Dr-97062/home/26626183,13.480014850004578,714983.5754434799,689532.0,,,False,25451.57544347993,3.6911376764936117
ab0d35ca-82e0-4247-b383-8972de118155,2026-04-01T22:15:42.315322+00:00,0.1.0,8b494c6ea5bd14efd6162e02d3e28fa215243c5c9dcce199eefcaa36e9cf567f,97062,b6de5c24952c81dccbc2c053c50dc0534082ea79aba70d5eb37c94711bd78cc5,6189 SW Delker Rd,https://www.redfin.com/OR/Tualatin/6189-SW-Delker-Rd-97062/home/165849749,13.941474545626084,1134241.320865488,1287000.0,,,True,-152758.6791345121,-11.869361238112827
ab0d35ca-82e0-4247-b383-8972de118155,2026-04-01T22:15:42.315322+00:00,0.1.0,8b494c6ea5bd14efd6162e02d3e28fa215243c5c9dcce199eefcaa36e9cf567f,97062,586fab1f15389241c3bb041535551f7dbc1f2541cedbf8909e75cf36a90e8d9c,22066 SW Grahams Ferry Rd Unit B,https://www.redfin.com/OR/Tualatin/22066-SW-Grahams-Ferry-Rd-97062/unit-B/home/26711419,12.897242406376469,399209.81363706716,396900.0,,,False,2309.8136370671564,0.5819636273789761
ab0d35ca-82e0-4247-b383-8972de118155,2026-04-01T22:15:42.315322+00:00,0.1.0,8b494c6ea5bd14efd6162e02d3e28fa215243c5c9dcce199eefcaa36e9cf567f,97062,cb5bf3bd32e37d8dde232c6768c566e26f7d2fbe8ba302bea86446778ecd65b3,8444 SW Tygh Loop,https://www.redfin.com/OR/Tualatin/8444-SW-Tygh-Loop-97062/home/26708267,13.049133524834124,464693.59172014793,580829.0,,,False,-116135.40827985207,-19.994767527078032
ab0d35ca-82e0-4247-b383-8972de118155,2026-04-01T22:15:42.315322+00:00,0.1.0,8b494c6ea5bd14efd6162e02d3e28fa215243c5c9dcce199eefcaa36e9cf567f,97062,fecf5ad51ec30f8910cb1b19bc6c79effc4866867cfc7671218f8ca10682c10a,8366 SW Mohawk St SW,https://www.redfin.com/OR/Tualatin/8366-SW-Mohawk-St-97062/home/26689040,12.651170076415305,312128.44863612374,350000.0,,,False,-37871.551363876264,-10.82044324682179
ab0d35ca-82e0-4247-b383-8972de118155,2026-04-01T22:15:42.315322+00:00,0.1.0,8b494c6ea5bd14efd6162e02d3e28fa215243c5c9dcce199eefcaa36e9cf567f,97062,0c0b027b52e6a9ae2f8a07b5f6067d63b4e528b2969c3a4c7aadf47cde5c7bf4,9208 SW Sweek Dr,https://www.redfin.com/OR/Tualatin/9208-SW-Sweek-Dr-97062/home/26725499,13.115947173504493,496802.16799178394,409000.0,,,False,87802.16799178394,21.46752273637749
ab0d35ca-82e0-4247-b383-8972de118155,2026-04-01T22:15:42.315322+00:00,0.1.0,8b494c6ea5bd14efd6162e02d3e28fa215243c5c9dcce199eefcaa36e9cf567f,97062,053a5c7b3e92f01e2bdc654b9f0d457ab422721fda0a9ea2371596a5a1949647,18210 SW Cheyenne Way,https://www.redfin.com/OR/Tualatin/18210-SW-Cheyenne-Way-97062/home/26679246,13.26460307373714,576426.4750229248,563000.0,,,False,13426.475022924831,2.384809062686471
ab0d35ca-82e0-4247-b383-8972de118155,2026-04-01T22:15:42.315322+00:00,0.1.0,8b494c6ea5bd14efd6162e02d3e28fa215243c5c9dcce199eefcaa36e9cf567f,97062,34da80a777c420c7e842fdaeb78b794cfb67198185111b486264d59f61e055bc,22493 SW 112th Ave,https://www.redfin.com/OR/Tualatin/22493-SW-112th-Ave-97062/home/25824871,13.2906116912233,591615.1933140045,655000.0,,,False,-63384.80668599554,-9.677069723052755
ab0d35ca-82e0-4247-b383-8972de118155,2026-04-01T22:15:42.315322+00:00,0.1.0,8b494c6ea5bd14efd6162e02d3e28fa215243c5c9dcce199eefcaa36e9cf567f,97062,a8a75579461daa76d240639fc5c0f328b597c78cb2f42f73f533330013007755,8488 SW Blake St,https://www.redfin.com/OR/Tualatin/8488-SW-Blake-St-97062/home/26733200,13.147236465989486,512592.5022942986,507000.0,,,False,5592.502294298611,1.1030576517354262
ab0d35ca-82e0-4247-b383-8972de118155,2026-04-01T22:15:42.315322+00:00,0.1.0,8b494c6ea5bd14efd6162e02d3e28fa215243c5c9dcce199eefcaa36e9cf567f,97062,e1057d50a01cf1a966089e6aa64b1729e471b0674da1169b11cf768456d7e477,8720 SW Tualatin Rd #116,https://www.redfin.com/OR/Tualatin/8720-SW-Tualatin-Rd-97062/unit-116/home/25864147,12.587010961006513,292731.46352412744,260000.0,,,False,32731.463524127437,12.589024432356707
ab0d35ca-82e0-4247-b383-8972de118155,2026-04-01T22:15:42.315322+00:00,0.1.0,8b494c6ea5bd14efd6162e02d3e28fa215243c5c9dcce199eefcaa36e9cf567f,97062,5af96b854a4dfccc7b6108589a95d5c4bcd6aed4cd56ddf535ff750c78d6cd3b,10415 SW Rayborn Ct,https://www.redfin.com/OR/Tualatin/10415-SW-Rayborn-Ct-97062/home/104416659,13.610038902365023,814263.1740417853,830000.0,,,False,-15736.8259582147,-1.896003127495747
ab0d35ca-82e0-4247-b383-8972de118155,2026-04-01T22:15:42.315322+00:00,0.1.0,8b494c6ea5bd14efd6162e02d3e28fa215243c5c9dcce199eefcaa36e9cf567f,97062,2a8282d1aecab923ba45aac491f94f5c1f3f497df390687142150e1fc677518f,7155 SW Sagert St #109,https://www.redfin.com/OR/Tualatin/7155-SW-Sagert-St-97062/unit-109/home/25759480,12.636300621737611,307521.6043278898,299000.0,,,False,8521.6043278898,2.850034892270836
ab0d35ca-82e0-4247-b383-8972de118155,2026-04-01T22:15:42.315322+00:00,0.1.0,8b494c6ea5bd14efd6162e02d3e28fa215243c5c9dcce199eefcaa36e9cf567f,97062,14b1989450ca19bb5da1747283bb5916d19766b633606dc194595f911a0b7134,23007 SW 104th Ter,https://www.redfin.com/OR/Tualatin/23007-SW-104th-Ter-97062/home/25749162,13.50892941839384,735958.8003757352,700000.0,,,False,35958.800375735154,5.136971482247879
ab0d35ca-82e0-4247-b383-8972de118155,2026-04-01T22:15:42.315322+00:00,0.1.0,8b494c6ea5bd14efd6162e02d3e28fa215243c5c9dcce199eefcaa36e9cf567f,97062,8a3abe452cd6b28bdb446868a22d38ddbc6536d6fc4fd6101b91dacc3f3e894f,9337 SW Tonopah St,https://www.redfin.com/OR/Tualatin/9337-SW-Tonopah-St-97062/home/25759448,13.065994477843711,472595.19562422356,529500.0,,,False,-56904.80437577644,-10.746894121959667
ab0d35ca-82e0-4247-b383-8972de118155,2026-04-01T22:15:42.315322+00:00,0.1.0,8b494c6ea5bd14efd6162e02d3e28fa215243c5c9dcce199eefcaa36e9cf567f,97062,eaf1f13bb5f6beb65b8511cb659a63e43e2af9c908e28a82fc8953bf5233de1e,20000 SW 61st Ter,https://www.redfin.com/OR/Tualatin/20000-SW-61st-Ter-97062/home/145567673,13.683833000052667,876623.6098609727,825000.0,,,False,51623.609860972734,6.257407255875483
ab0d35ca-82e0-4247-b383-8972de118155,2026-04-01T22:15:42.315322+00:00,0.1.0,8b494c6ea5bd14efd6162e02d3e28fa215243c5c9dcce199eefcaa36e9cf567f,97062,53817fb4a3834f98f67eb95f2f1a3d8729cf5de3d0f2fcbf99e0bd3c84c6ab54,20967 SW Meadow Way,https://www.redfin.com/OR/Tualatin/20967-SW-Meadow-Way-97062/home/25734133,13.890404436681647,1077769.7705052204,1950000.0,,,True,-872230.2294947796,-44.72975535870665
ab0d35ca-82e0-4247-b383-8972de118155,2026-04-01T22:15:42.315322+00:00,0.1.0,8b494c6ea5bd14efd6162e02d3e28fa215243c5c9dcce199eefcaa36e9cf567f,97062,f19557fa6a7ce8caa18a2d72de95622a8582478247740e3a4930cde823a2e7e4,7187 SW Sagert St #104,https://www.redfin.com/OR/Tualatin/7187-SW-Sagert-St-97062/unit-104/home/26734691,12.636300621737611,307521.6043278898,290000.0,,,False,17521.6043278898,6.0419325268585515
ab0d35ca-82e0-4247-b383-8972de118155,2026-04-01T22:15:42.315322+00:00,0.1.0,8b494c6ea5bd14efd6162e02d3e28fa215243c5c9dcce199eefcaa36e9cf567f,97062,31ee72ade2113aba824bd9027008e0f0299d1565f6a2dcf831467a7433bc247a,10055 SW Paulina Dr,https://www.redfin.com/OR/Tualatin/10055-SW-Paulina-Dr-97062/home/26708863,13.4114517082794,667604.831778882,690520.0,,,False,-22915.168221118045,-3.3185379454784862
ab0d35ca-82e0-4247-b383-8972de118155,2026-04-01T22:15:42.315322+00:00,0.1.0,8b494c6ea5bd14efd6162e02d3e28fa215243c5c9dcce199eefcaa36e9cf567f,97062,3e0579f5d92feed934ada161fbac0b30ccc987779b4b13db7a9aeec50f60d007,22330 SW Mandan Dr,https://www.redfin.com/OR/Tualatin/22330-SW-Mandan-Dr-97062/home/26562991,13.245779748670774,565677.6933837779,525000.0,,,False,40677.69338377786,7.748132073100546
ab0d35ca-82e0-4247-b383-8972de118155,2026-04-01T22:15:42.315322+00:00,0.1.0,8b494c6ea5bd14efd6162e02d3e28fa215243c5c9dcce199eefcaa36e9cf567f,97062,d1c88531dbd3c77e0f6041916df9566ba5a52889b90059ab31bf5255615b08c5,17335 SW Cheyenne Way,https://www.redfin.com/OR/Tualatin/17335-SW-Cheyenne-Way-97062/home/26715295,13.262826710523926,575403.441146456,625000.0,,,False,-49596.558853543946,-7.935449416567031
ab0d35ca-82e0-4247-b383-8972de118155,2026-04-01T22:15:42.315322+00:00,0.1.0,8b494c6ea5bd14efd6162e02d3e28fa215243c5c9dcce199eefcaa36e9cf567f,97062,a1f0da9754fbd5c047d55324ae4b9a90c9a3a72adfc670301abc594a76e0c56e,20850 SW 87th Ct,https://www.redfin.com/OR/Tualatin/20850-SW-87th-Ct-97062/home/26664878,13.492523096944021,723982.9323183266,595000.0,,,False,128982.93231832655,21.67780375097925
ab0d35ca-82e0-4247-b383-8972de118155,2026-04-01T22:15:42.315322+00:00,0.1.0,8b494c6ea5bd14efd6162e02d3e28fa215243c5c9dcce199eefcaa36e9cf567f,97062,b5361af0a03a6dd05e3623119983a4db429dc3757a479f3d305203cf2d2249d7,8609 SW Logan Ln,https://www.redfin.com/OR/Tualatin/8609-SW-Logan-Ln-97062/home/25764680,13.341370630033776,622420.1525101223,725000.0,,,False,-102579.84748987772,-14.148944481362443
ab0d35ca-82e0-4247-b383-8972de118155,2026-04-01T22:15:42.315322+00:00,0.1.0,8b494c6ea5bd14efd6162e02d3e28fa215243c5c9dcce199eefcaa36e9cf567f,97062,e37c36aa1982b8b6e8e1b3c6946256260aebdf52f229a2a106e90069e2251d18,8670 SW Comanche Way,https://www.redfin.com/OR/Tualatin/8670-SW-Comanche-Way-97062/home/26590209,13.221118362076057,551897.9097646456,530000.0,,,False,21897.90976464562,4.1316810876689845
ab0d35ca-82e0-4247-b383-8972de118155,2026-04-01T22:15:42.315322+00:00,0.1.0,8b494c6ea5bd14efd6162e02d3e28fa215243c5c9dcce199eefcaa36e9cf567f,97062,096e30f37ca122bc50b8df23f5d1874ee6f6477b94363967eb0695b03a500062,10677 SW Bannoch St,https://www.redfin.com/OR/Tualatin/10677-SW-Bannoch-St-97062/home/25742035,13.505321733315562,733308.4764350412,719900.0,,,False,13408.476435041171,1.8625470808502809
ab0d35ca-82e0-4247-b383-8972de118155,2026-04-01T22:15:42.315322+00:00,0.1.0,8b494c6ea5bd14efd6162e02d3e28fa215243c5c9dcce199eefcaa36e9cf567f,97062,0e235586bc3c34cc21aa977b8316acca1d467de71f2941d4220962fce7a616bd,7147 SW Sagert St #104,https://www.redfin.com/OR/Tualatin/7147-SW-Sagert-St-97062/unit-104/home/26595144,12.636300621737611,307521.6043278898,315000.0,,,False,-7478.3956721102,-2.3740938641619684
ab0d35ca-82e0-4247-b383-8972de118155,2026-04-01T22:15:42.315322+00:00,0.1.0,8b494c6ea5bd14efd6162e02d3e28fa215243c5c9dcce199eefcaa36e9cf567f,97062,99461c7dcd5c2253519d2e1b68f6dcf45a5d32eb08096f2914deb487908efbc8,21797 SW Oak Hill Ln,https://www.redfin.com/OR/Tualatin/21797-SW-Oak-Hill-Ln-97062/home/143066553,14.271170788239452,1577214.3640261693,2255000.0,,,True,-677785.6359738307,-30.057012681766327
ab0d35ca-82e0-4247-b383-8972de118155,2026-04-01T22:15:42.315322+00:00,0.1.0,8b494c6ea5bd14efd6162e02d3e28fa215243c5c9dcce199eefcaa36e9cf567f,97062,3b733a8eec9ede978a1900e177e2d124e21120f074708909eee7b594d2e2060d,21129 SW 90th Ave,https://www.redfin.com/OR/Tualatin/21129-SW-90th-Ave-97062/home/26732178,13.21842254862604,550412.0995898247,535000.0,,,False,15412.099589824677,2.880766278471902
ab0d35ca-82e0-4247-b383-8972de118155,2026-04-01T22:15:42.315322+00:00,0.1.0,8b494c6ea5bd14efd6162e02d3e28fa215243c5c9dcce199eefcaa36e9cf567f,97062,0a21873e227761004d44c0ed6386bfd4b22403e2268d964bf307edc57f4f75ac,8675 SW Sagert St,https://www.redfin.com/OR/Tualatin/8675-SW-Sagert-St-97062/home/26602589,13.4343857986507,683092.6621319137,655000.0,,,False,28092.662131913705,4.288956050673848
ab0d35ca-82e0-4247-b383-8972de118155,2026-04-01T22:15:42.315322+00:00,0.1.0,8b494c6ea5bd14efd6162e02d3e28fa215243c5c9dcce199eefcaa36e9cf567f,97062,104bab14ad3cd3eae2de0ba390166b0d6e6960f707483f59deda1dd20d0891fe,21486 SW Alsea Ct,https://www.redfin.com/OR/Tualatin/21486-SW-Alsea-Ct-97062/home/26610083,13.24369940097929,564502.1103349425,569999.0,,,False,-5496.889665057533,-0.9643682997790406
ab0d35ca-82e0-4247-b383-8972de118155,2026-04-01T22:15:42.315322+00:00,0.1.0,8b494c6ea5bd14efd6162e02d3e28fa215243c5c9dcce199eefcaa36e9cf567f,97062,20bee85760b70b879bddcb5e8853f33230d347fe75a5a5857552e4ddcc1a60ae,10354 SW Koso St,https://www.redfin.com/OR/Tualatin/10354-SW-Koso-St-97062/home/25750361,13.53698515906388,756899.0431023603,805000.0,,,False,-48100.95689763967,-5.975274148775115
ab0d35ca-82e0-4247-b383-8972de118155,2026-04-01T22:15:42.315322+00:00,0.1.0,8b494c6ea5bd14efd6162e02d3e28fa215243c5c9dcce199eefcaa36e9cf567f,97062,6dba41adbd0ca564224252542ec5764e01e2d5648ad1a4c4f155dc466fe7f7b9,9885 SW Iowa Dr,https://www.redfin.com/OR/Tualatin/9885-SW-Iowa-Dr-97062/home/77618938,13.504583056645082,732766.9985843826,906000.0,,,False,-173233.00141561741,-19.120640332849604
ab0d35ca-82e0-4247-b383-8972de118155,2026-04-01T22:15:42.315322+00:00,0.1.0,8b494c6ea5bd14efd6162e02d3e28fa215243c5c9dcce199eefcaa36e9cf567f,97062,21faa35fd0b75a04cb2261b2ac0a946d43701f662059b629d4bf1fc6223bb55c,9157 SW Talawa Dr,https://www.redfin.com/OR/Tualatin/9157-SW-Talawa-Dr-97062/home/26728747,13.14365999607232,510762.5050457766,535000.0,,,False,-24237.494954223395,-4.530372888639887
ab0d35ca-82e0-4247-b383-8972de118155,2026-04-01T22:15:42.315322+00:00,0.1.0,8b494c6ea5bd14efd6162e02d3e28fa215243c5c9dcce199eefcaa36e9cf567f,97062,501a37c7547547ebae90583c8132c1152754764997aaaeb1250e5fa6cda8e8ca,7137 SW Delaware St,https://www.redfin.com/OR/Tualatin/7137-SW-Delaware-St-97062/home/26723319,13.218830702618567,550636.798338534,542000.0,,,False,8636.798338533961,1.593505228511801
ab0d35ca-82e0-4247-b383-8972de118155,2026-04-01T22:15:42.315322+00:00,0.1.0,8b494c6ea5bd14efd6162e02d3e28fa215243c5c9dcce199eefcaa36e9cf567f,97062,3bf534a6ccf802a3c9f981786f61d10fa964472d39978a01784492c0c6857d07,17920 SW 112th Ave,https://www.redfin.com/OR/Tualatin/17920-SW-112th-Ave-97062/home/26703982,13.230487901669022,557093.2400002644,595000.0,,,False,-37906.75999973563,-6.370884033569013
ab0d35ca-82e0-4247-b383-8972de118155,2026-04-01T22:15:42.315322+00:00,0.1.0,8b494c6ea5bd14efd6162e02d3e28fa215243c5c9dcce199eefcaa36e9cf567f,97062,4c972a748af50a70215ef510a0dcd8e2a2ce492f753abf3d7264d28e54e5ab2f,21675 SW Aspen Pl,https://www.redfin.com/OR/Tualatin/21675-SW-Aspen-Pl-97062/home/26565779,13.419867382891681,673246.8843528671,591000.0,,,False,82246.88435286714,13.916562496255017
ab0d35ca-82e0-4247-b383-8972de118155,2026-04-01T22:15:42.315322+00:00,0.1.0,8b494c6ea5bd14efd6162e02d3e28fa215243c5c9dcce199eefcaa36e9cf567f,97062,15ed54d7d832a57b8f96201aeb228754f282e2de5e0e830ee804e55cd345b920,20046 SW 69th St,https://www.redfin.com/OR/Tualatin/20046-SW-69th-St-97062/home/26658574,13.240306048122646,562589.801889912,670000.0,,,False,-107410.19811008801,-16.03137285225194
ab0d35ca-82e0-4247-b383-8972de118155,2026-04-01T22:15:42.315322+00:00,0.1.0,8b494c6ea5bd14efd6162e02d3e28fa215243c5c9dcce199eefcaa36e9cf567f,97062,dd6d52e3f424f55e0c965b0ef972772f56b3dc74b900aa1ece5ead49fc198b68,7247 SW Tenino Ln,https://www.redfin.com/OR/Tualatin/7247-SW-Tenino-Ln-97062/home/26703740,13.36829301383116,639404.794381941,636000.0,,,False,3404.79438194097,0.5353450286070708
ab0d35ca-82e0-4247-b383-8972de118155,2026-04-01T22:15:42.315322+00:00,0.1.0,8b494c6ea5bd14efd6162e02d3e28fa215243c5c9dcce199eefcaa36e9cf567f,97062,ac1885af2873eaaa0d616d111cbfd8e4a787764a9aa752a9be9978d03ab1dc33,7157 SW Sagert St #107,https://www.redfin.com/OR/Tualatin/7157-SW-Sagert-St-97062/unit-107/home/26641004,12.636300621737611,307521.6043278898,320000.0,,,False,-12478.3956721102,-3.8994986475344375
ab0d35ca-82e0-4247-b383-8972de118155,2026-04-01T22:15:42.315322+00:00,0.1.0,8b494c6ea5bd14efd6162e02d3e28fa215243c5c9dcce199eefcaa36e9cf567f,97062,cf9d24d9eec167a3a2af833972e9fc8558d809376fcd7058205cac6fa73e4b93,8232 SW Shenandoah Way,https://www.redfin.com/OR/Tualatin/8232-SW-Shenandoah-Way-97062/home/26627889,12.587600594650931,292904.1187404611,300000.0,,,False,-7095.881259538874,-2.3652937531796243
ab0d35ca-82e0-4247-b383-8972de118155,2026-04-01T22:15:42.315322+00:00,0.1.0,8b494c6ea5bd14efd6162e02d3e28fa215243c5c9dcce199eefcaa36e9cf567f,97062,883166b6f0a16b238617b3d2532945b680d35112c0146b9a19435baccea4557e,21208 SW Arapaho Ct,https://www.redfin.com/OR/Tualatin/21208-SW-Arapaho-Ct-97062/home/26687220,13.226150479433523,554682.1241875822,699900.0,,,False,-145217.87581241783,-20.748374883900247
ab0d35ca-82e0-4247-b383-8972de118155,2026-04-01T22:15:42.315322+00:00,0.1.0,8b494c6ea5bd14efd6162e02d3e28fa215243c5c9dcce199eefcaa36e9cf567f,97062,d0d2673d4ba3d69f304301b72984b96e6caae06e6780724c5cf54b87d66f6312,8875 SW Nisqually,https://www.redfin.com/OR/Tualatin/8875-SW-Nisqually-Ct-97062/home/26728776,13.317683679425652,607850.1577016653,569000.0,,,False,38850.1577016653,6.827795729642408
ab0d35ca-82e0-4247-b383-8972de118155,2026-04-01T22:15:42.315322+00:00,0.1.0,8b494c6ea5bd14efd6162e02d3e28fa215243c5c9dcce199eefcaa36e9cf567f,97062,d2a955b48fed25ce7f2438bc51659542522ab9eeca755e5a2629f4b4cacca79c,9776 SW Tualatin Rd,https://www.redfin.com/OR/Tualatin/9776-SW-Tualatin-Rd-97062/home/26620009,12.589834983997845,293559.31228919706,275000.0,,,False,18559.312289197056,6.7488408324352935
ab0d35ca-82e0-4247-b383-8972de118155,2026-04-01T22:15:42.315322+00:00,0.1.0,8b494c6ea5bd14efd6162e02d3e28fa215243c5c9dcce199eefcaa36e9cf567f,97062,990ec38ad61cc208ff00e3e90701125b091ac4bc3b44614bc407611a95f45014,9215 SW Stono Dr,https://www.redfin.com/OR/Tualatin/9215-SW-Stono-Dr-97062/home/26683153,13.426029921393406,677408.6044081411,670000.0,,,False,7408.604408141109,1.1057618519613595
ab0d35ca-82e0-4247-b383-8972de118155,2026-04-01T22:15:42.315322+00:00,0.1.0,8b494c6ea5bd14efd6162e02d3e28fa215243c5c9dcce199eefcaa36e9cf567f,97062,b8d745bdd90d4108418f7cbdf1eebded98179efe2143e370e4f7541fe3e40af2,9495 SW Cherry Ln,https://www.redfin.com/OR/Tualatin/9495-SW-Cherry-Ln-97062/home/26665014,13.09143720056217,484773.5727330491,655000.0,,,False,-170226.4272669509,-25.98876752167189
ab0d35ca-82e0-4247-b383-8972de118155,2026-04-01T22:15:42.315322+00:00,0.1.0,8b494c6ea5bd14efd6162e02d3e28fa215243c5c9dcce199eefcaa36e9cf567f,97062,8fedeb82278e1ec3a5b477ce09a5cb95bbe49c0d4ba9726518844624b4640fa8,9280 SW Stono Dr,https://www.redfin.com/OR/Tualatin/9280-SW-Stono-Dr-97062/home/25769983,13.373040040096594,642447.2814046743,579999.0,,,False,62448.281404674286,10.766963633501831
ab0d35ca-82e0-4247-b383-8972de118155,2026-04-01T22:15:42.315322+00:00,0.1.0,8b494c6ea5bd14efd6162e02d3e28fa215243c5c9dcce199eefcaa36e9cf567f,97062,9a505b9ad04a2521888f204445385a24631bb861798d53bd4e4d1368cfcb7292,13464 SW Ute St,https://www.redfin.com/OR/Tualatin/13464-SW-Ute-St-97062/home/26691599,13.18534695445787,532504.6742480864,500000.0,,,False,32504.674248086405,6.5009348496172805
ab0d35ca-82e0-4247-b383-8972de118155,2026-04-01T22:15:42.315322+00:00,0.1.0,8b494c6ea5bd14efd6162e02d3e28fa215243c5c9dcce199eefcaa36e9cf567f,97062,e885b23b17a5aad9adba41680c4e64773ea9a7a22b0de22fe9c0151c62f0ec93,8285 SW Chelan St,https://www.redfin.com/OR/Tualatin/8285-SW-Chelan-St-97062/home/26687789,13.10421361073823,491006.97419466224,489000.0,,,False,2006.974194662238,0.41042417068757425
ab0d35ca-82e0-4247-b383-8972de118155,2026-04-01T22:15:42.315322+00:00,0.1.0,8b494c6ea5bd14efd6162e02d3e28fa215243c5c9dcce199eefcaa36e9cf567f,97062,73dda6c1e15e6d773f8fd163756788cfe09bf2ce60e0cd10b8f2949055310d14,6323 SW Delker Rd,https://www.redfin.com/OR/Tualatin/6323-SW-Delker-Rd-97062/home/165857677,13.94827293126755,1141978.6014838023,2325000.0,,,True,-1183021.3985161977,-50.88264079639559
ab0d35ca-82e0-4247-b383-8972de118155,2026-04-01T22:15:42.315322+00:00,0.1.0,8b494c6ea5bd14efd6162e02d3e28fa215243c5c9dcce199eefcaa36e9cf567f,97062,5719e9f1a6453fdcc80ca8e7ec812a66ca635f7a2686c59ce8c600b53ce142d7,21867 SW Dakota Dr,https://www.redfin.com/OR/Tualatin/21867-SW-Dakota-Dr-97062/home/26594962,13.233476786523903,558760.8184065463,499000.0,,,False,59760.818406546256,11.976115913135523
ab0d35ca-82e0-4247-b383-8972de118155,2026-04-01T22:15:42.315322+00:00,0.1.0,8b494c6ea5bd14efd6162e02d3e28fa215243c5c9dcce199eefcaa36e9cf567f,97062,adea284557dde6587ade80c01c3b014e39f046f2659d3dde53395551df53f19b,24411 SW Stafford Rd,https://www.redfin.com/OR/Tualatin/24411-SW-Stafford-Rd-97062/home/25911760,13.514570900452354,740122.4322283061,815000.0,,,False,-74877.56777169392,-9.187431628428703
ab0d35ca-82e0-4247-b383-8972de118155,2026-04-01T22:15:42.315322+00:00,0.1.0,8b494c6ea5bd14efd6162e02d3e28fa215243c5c9dcce199eefcaa36e9cf567f,97062,879386956e6d71b0c53e60f5fed64328767aecddaa61eeac950b4e11ac6f1740,20918 SW Winema Ct,https://www.redfin.com/OR/Tualatin/20918-SW-Winema-Ct-97062/home/26689187,13.278753054126792,584640.8781036383,566000.0,,,False,18640.8781036383,3.2934413610668374
ab0d35ca-82e0-4247-b383-8972de118155,2026-04-01T22:15:42.315322+00:00,0.1.0,8b494c6ea5bd14efd6162e02d3e28fa215243c5c9dcce199eefcaa36e9cf567f,97062,b2815f7d32003361b43e91481db4b409c2f951a33aa2cb5e18f8045603653315,8294 SW Mohawk St,https://www.redfin.com/OR/Tualatin/8294-SW-Mohawk-St-97062/home/26664334,12.536535953343469,278322.5448354654,227500.0,,,False,50822.54483546538,22.33958014745731
ab0d35ca-82e0-4247-b383-8972de118155,2026-04-01T22:15:42.315322+00:00,0.1.0,8b494c6ea5bd14efd6162e02d3e28fa215243c5c9dcce199eefcaa36e9cf567f,97062,9b925577b9b1a6b938a693a77a758f715c463a915443e85d8f205355c4d5fbd2,9435 SW Siletz Dr,https://www.redfin.com/OR/Tualatin/9435-SW-Siletz-Dr-97062/home/26689642,13.41219218564721,668099.3611187517,575000.0,,,False,93099.3611187517,16.191193238043773
ab0d35ca-82e0-4247-b383-8972de118155,2026-04-01T22:15:42.315322+00:00,0.1.0,8b494c6ea5bd14efd6162e02d3e28fa215243c5c9dcce199eefcaa36e9cf567f,97062,60f78c27a2c5eb8455ffb8d45a2474e5320f4c5decf48feffedfcd6280c03f5c,21172 SW Iroquois Dr,https://www.redfin.com/OR/Tualatin/21172-SW-Iroquois-Dr-97062/home/26730593,13.19751232814013,539022.357239875,552500.0,,,False,-13477.642760124989,-2.4393923547737537
ab0d35ca-82e0-4247-b383-8972de118155,2026-04-01T22:15:42.315322+00:00,0.1.0,8b494c6ea5bd14efd6162e02d3e28fa215243c5c9dcce199eefcaa36e9cf567f,97062,c1e7f1c464147e2a48c04e960e5e32921f1f9055979b8e4e51eeba4d229f6f22,7380 SW Norwood Rd,https://www.redfin.com/OR/Tualatin/7380-SW-Norwood-Rd-97062/home/26556360,14.055981464429713,1271847.9307391953,1526000.0,,,True,-254152.06926080468,-16.654788287077633
ab0d35ca-82e0-4247-b383-8972de118155,2026-04-01T22:15:42.315322+00:00,0.1.0,8b494c6ea5bd14efd6162e02d3e28fa215243c5c9dcce199eefcaa36e9cf567f,97062,4a92ec54a0f07f7074dc67b2cad15826440cf22cae03e63d875d58394d5f5546,10345 SW 103rd Ct,https://www.redfin.com/OR/Tualatin/10345-SW-103rd-Ct-97062/home/26684318,13.267803859076833,578274.448338827,660000.0,,,False,-81725.551661173,-12.382659342601968
